no,x,y
1,28.018,448.117
2,28.018,448.04
3,28.018,447.962
4,28.018,447.884
5,28.018,447.807
6,28.018,447.73
7,28.018,447.653
8,28.018,447.575
9,28.018,447.498
10,28.018,447.42
11,28.018,447.342
12,28.018,447.265
13,28.018,447.187
14,28.018,447.109
15,28.018,447.032
16,28.018,446.955
17,28.018,446.877
18,28.018,446.8
19,28.018,446.721
20,28.018,446.644
21,28.018,446.565
22,28.018,446.488
23,28.018,446.41
24,28.018,446.332
25,28.018,446.253
26,28.018,446.176
27,28.018,446.099
28,28.018,446.021
29,28.018,445.943
30,28.018,445.865
31,28.018,445.787
32,28.018,445.708
33,28.018,445.629
34,28.018,445.551
35,28.018,445.474
36,28.018,445.396
37,28.018,445.318
38,28.018,445.24
39,28.018,445.161
40,28.018,445.083
41,28.018,445.004
42,28.018,444.926
43,28.018,444.848
44,28.018,444.77
45,28.018,444.692
46,28.018,444.615
47,28.018,444.537
48,28.018,444.461
49,28.018,444.382
50,28.018,444.304
51,28.018,444.226
52,28.018,444.148
53,28.018,444.071
54,28.018,443.992
55,28.018,443.914
56,28.018,443.836
57,28.018,443.759
58,28.018,443.681
59,28.018,443.603
60,28.018,443.525
61,28.018,443.448
62,28.018,443.37
63,28.018,443.292
64,28.018,443.215
65,28.018,443.136
66,28.018,443.059
67,28.018,442.982
68,28.018,442.904
69,28.018,442.826
70,28.018,442.748
71,28.018,442.671
72,28.018,442.592
73,28.018,442.514
74,28.018,442.436
75,28.018,442.358
76,28.018,442.28
77,28.018,442.203
78,28.018,442.125
79,28.018,442.048
80,28.018,441.97
81,28.018,441.892
82,28.018,441.815
83,28.018,441.738
84,28.018,441.66
85,28.018,441.582
86,28.018,441.503
87,28.018,441.426
88,28.018,441.347
89,28.018,441.27
90,28.018,441.191
91,28.018,441.114
92,28.018,441.036
93,28.018,440.959
94,28.018,440.881
95,28.018,440.803
96,28.018,440.726
97,28.018,440.648
98,28.018,440.57
99,28.018,440.492
100,28.018,440.415
101,28.018,440.337
102,28.018,440.26
103,28.018,440.182
104,28.018,440.105
105,28.018,440.028
106,28.018,439.949
107,28.018,439.871
108,28.018,439.794
109,28.018,439.716
110,28.018,439.639
111,28.018,439.561
112,28.018,439.484
113,28.018,439.406
114,28.018,439.328
115,28.018,439.249
116,28.018,439.171
117,28.018,439.092
118,28.018,439.015
119,28.018,438.938
120,28.018,438.86
121,28.018,438.782
122,28.018,438.705
123,28.018,438.626
124,28.018,438.548
125,28.018,438.47
126,28.018,438.392
127,28.018,438.314
128,28.018,438.235
129,28.018,438.158
130,28.018,438.08
131,28.018,438.003
132,28.018,437.925
133,28.018,437.847
134,28.018,437.768
135,28.018,437.695
136,28.018,437.603
137,28.018,437.51
138,28.018,437.417
139,28.018,437.323
140,28.019,437.231
141,28.019,437.137
142,28.019,437.044
143,28.02,436.952
144,28.02,436.858
145,28.021,436.766
146,28.021,436.673
147,28.022,436.58
148,28.023,436.487
149,28.024,436.395
150,28.025,436.302
151,28.026,436.209
152,28.027,436.116
153,28.028,436.024
154,28.029,435.931
155,28.03,435.838
156,28.032,435.745
157,28.033,435.652
158,28.035,435.558
159,28.037,435.465
160,28.038,435.371
161,28.04,435.278
162,28.042,435.185
163,28.044,435.091
164,28.047,434.998
165,28.049,434.905
166,28.052,434.812
167,28.054,434.719
168,28.057,434.627
169,28.06,434.533
170,28.063,434.44
171,28.066,434.347
172,28.069,434.254
173,28.073,434.161
174,28.076,434.068
175,28.08,433.976
176,28.084,433.882
177,28.088,433.79
178,28.092,433.697
179,28.097,433.604
180,28.101,433.511
181,28.106,433.418
182,28.111,433.325
183,28.117,433.232
184,28.122,433.14
185,28.128,433.047
186,28.134,432.953
187,28.14,432.861
188,28.147,432.769
189,28.154,432.675
190,28.161,432.582
191,28.168,432.49
192,28.176,432.397
193,28.184,432.305
194,28.192,432.212
195,28.201,432.119
196,28.21,432.026
197,28.22,431.933
198,28.23,431.84
199,28.24,431.747
200,28.251,431.655
201,28.262,431.563
202,28.274,431.471
203,28.286,431.379
204,28.299,431.286
205,28.312,431.193
206,28.326,431.101
207,28.34,431.01
208,28.356,430.918
209,28.372,430.826
210,28.388,430.734
211,28.406,430.642
212,28.425,430.55
213,28.444,430.458
214,28.464,430.367
215,28.485,430.277
216,28.507,430.187
217,28.53,430.097
218,28.555,430.007
219,28.581,429.918
220,28.608,429.829
221,28.637,429.74
222,28.666,429.652
223,28.698,429.565
224,28.731,429.479
225,28.767,429.393
226,28.804,429.308
227,28.843,429.224
228,28.885,429.141
229,28.929,429.059
230,28.976,428.978
231,29.025,428.899
232,29.077,428.821
233,29.132,428.746
234,29.19,428.673
235,29.25,428.603
236,29.313,428.535
237,29.379,428.471
238,29.449,428.409
239,29.522,428.35
240,29.597,428.295
241,29.673,428.243
242,29.754,428.195
243,29.836,428.15
244,29.92,428.109
245,30.005,428.071
246,30.092,428.036
247,30.179,428.006
248,30.267,427.977
249,30.357,427.952
250,30.447,427.929
251,30.539,427.908
252,30.629,427.889
253,30.721,427.873
254,30.813,427.858
255,30.905,427.845
256,30.996,427.834
257,31.089,427.823
258,31.181,427.814
259,31.273,427.806
260,31.366,427.799
261,31.458,427.793
262,31.552,427.788
263,31.644,427.783
264,31.737,427.779
265,31.83,427.776
266,31.923,427.773
267,32.016,427.77
268,32.108,427.768
269,32.2,427.766
270,32.292,427.764
271,32.386,427.762
272,32.479,427.761
273,32.571,427.76
274,32.665,427.758
275,32.757,427.757
276,32.85,427.756
277,32.943,427.755
278,33.036,427.753
279,33.128,427.752
280,33.221,427.751
281,33.314,427.749
282,33.407,427.747
283,33.5,427.745
284,33.593,427.743
285,33.686,427.741
286,33.779,427.738
287,33.872,427.736
288,33.966,427.733
289,34.06,427.73
290,34.153,427.726
291,34.245,427.722
292,34.339,427.718
293,34.432,427.714
294,34.525,427.709
295,34.618,427.705
296,34.71,427.699
297,34.802,427.694
298,34.895,427.688
299,34.794,427.688
300,34.905,427.688
301,35.018,427.688
302,35.13,427.688
303,35.242,427.688
304,35.354,427.688
305,35.466,427.688
306,35.577,427.688
307,35.689,427.688
308,35.801,427.688
309,35.912,427.688
310,36.024,427.688
311,36.136,427.688
312,36.249,427.688
313,36.361,427.688
314,36.472,427.688
315,36.583,427.688
316,36.695,427.688
317,36.807,427.688
318,36.919,427.688
319,37.031,427.688
320,37.142,427.688
321,37.254,427.688
322,37.366,427.688
323,37.478,427.688
324,37.59,427.688
325,37.702,427.688
326,37.813,427.688
327,37.924,427.688
328,38.037,427.688
329,38.147,427.688
330,38.259,427.688
331,38.37,427.688
332,38.482,427.688
333,38.594,427.688
334,38.706,427.688
335,38.818,427.688
336,38.93,427.688
337,39.042,427.688
338,39.154,427.688
339,39.266,427.688
340,39.378,427.688
341,39.49,427.688
342,39.602,427.688
343,39.713,427.688
344,39.825,427.688
345,39.936,427.688
346,40.048,427.688
347,40.16,427.688
348,40.272,427.688
349,40.383,427.688
350,40.496,427.688
351,40.608,427.688
352,40.719,427.688
353,40.83,427.688
354,40.943,427.688
355,41.054,427.688
356,41.167,427.688
357,41.279,427.688
358,41.391,427.688
359,41.501,427.688
360,41.613,427.688
361,41.726,427.688
362,41.837,427.688
363,41.949,427.688
364,42.06,427.688
365,42.173,427.688
366,42.285,427.688
367,42.395,427.688
368,42.507,427.688
369,42.619,427.688
370,42.73,427.688
371,42.841,427.688
372,42.953,427.688
373,43.064,427.688
374,43.177,427.688
375,43.289,427.688
376,43.4,427.688
377,43.513,427.688
378,43.623,427.688
379,43.736,427.688
380,43.847,427.688
381,43.96,427.688
382,44.071,427.688
383,44.183,427.688
384,44.294,427.688
385,44.407,427.688
386,44.518,427.688
387,44.63,427.688
388,44.743,427.688
389,44.854,427.688
390,44.965,427.688
391,45.078,427.688
392,45.19,427.688
393,45.301,427.688
394,45.413,427.688
395,45.525,427.688
396,45.637,427.688
397,45.749,427.688
398,45.862,427.688
399,45.974,427.688
400,46.086,427.688
401,46.198,427.688
402,46.31,427.688
403,46.421,427.688
404,46.532,427.688
405,46.644,427.688
406,46.755,427.688
407,46.867,427.688
408,46.979,427.688
409,47.09,427.688
410,47.202,427.688
411,47.314,427.688
412,47.426,427.688
413,47.538,427.688
414,47.65,427.688
415,47.761,427.688
416,47.873,427.688
417,47.985,427.688
418,48.096,427.688
419,48.207,427.688
420,48.319,427.688
421,48.431,427.688
422,48.542,427.688
423,48.653,427.688
424,48.765,427.688
425,48.877,427.688
426,48.989,427.688
427,49.1,427.688
428,49.211,427.688
429,49.323,427.688
430,49.434,427.688
431,49.546,427.688
432,49.658,427.688
433,49.77,427.688
434,49.882,427.688
435,49.994,427.688
436,50.107,427.688
437,50.219,427.688
438,50.331,427.688
439,50.442,427.688
440,50.554,427.688
441,50.665,427.688
442,50.776,427.688
443,50.888,427.688
444,50.888,427.688
445,51.015,427.688
446,51.14,427.688
447,51.265,427.688
448,51.391,427.688
449,51.517,427.688
450,51.643,427.688
451,51.768,427.688
452,51.893,427.688
453,52.018,427.688
454,52.144,427.688
455,52.269,427.688
456,52.395,427.688
457,52.521,427.688
458,52.647,427.688
459,52.771,427.688
460,52.897,427.688
461,53.022,427.688
462,53.148,427.688
463,53.274,427.688
464,53.399,427.688
465,53.525,427.688
466,53.651,427.688
467,53.777,427.688
468,53.903,427.688
469,54.029,427.688
470,54.154,427.688
471,54.279,427.688
472,54.405,427.688
473,54.532,427.688
474,54.658,427.688
475,54.785,427.688
476,54.91,427.688
477,55.035,427.688
478,55.161,427.688
479,55.288,427.688
480,55.414,427.688
481,55.541,427.688
482,55.667,427.688
483,55.792,427.688
484,55.918,427.688
485,56.042,427.688
486,56.169,427.688
487,56.294,427.688
488,56.419,427.688
489,56.546,427.688
490,56.671,427.688
491,56.796,427.688
492,56.922,427.688
493,57.047,427.688
494,57.173,427.688
495,57.298,427.688
496,57.424,427.688
497,57.551,427.688
498,57.676,427.688
499,57.802,427.688
500,57.928,427.688
501,58.053,427.688
502,58.179,427.688
503,58.306,427.688
504,58.431,427.688
505,58.556,427.688
506,58.682,427.688
507,58.808,427.688
508,58.934,427.688
509,59.06,427.688
510,59.185,427.688
511,59.311,427.688
512,59.437,427.688
513,59.562,427.688
514,59.687,427.688
515,59.813,427.688
516,59.939,427.688
517,60.064,427.688
518,60.19,427.688
519,60.317,427.688
520,60.442,427.688
521,60.567,427.688
522,60.693,427.688
523,60.818,427.688
524,60.944,427.688
525,61.07,427.688
526,61.195,427.688
527,61.321,427.688
528,61.446,427.688
529,61.571,427.688
530,61.697,427.688
531,61.822,427.688
532,61.947,427.688
533,62.073,427.688
534,62.2,427.688
535,62.325,427.688
536,62.451,427.688
537,62.577,427.688
538,62.702,427.688
539,62.828,427.688
540,62.953,427.688
541,63.079,427.688
542,63.205,427.688
543,63.33,427.688
544,63.455,427.688
545,63.582,427.688
546,63.707,427.688
547,63.833,427.688
548,63.96,427.688
549,64.085,427.688
550,64.211,427.688
551,64.336,427.688
552,64.463,427.688
553,64.588,427.688
554,64.714,427.688
555,64.84,427.688
556,64.967,427.688
557,65.093,427.688
558,65.219,427.688
559,65.344,427.688
560,65.47,427.688
561,65.595,427.688
562,65.721,427.688
563,65.847,427.688
564,65.973,427.688
565,66.098,427.688
566,66.224,427.688
567,66.348,427.688
568,66.474,427.688
569,66.6,427.688
570,66.6,427.688
571,66.732,427.688
572,66.862,427.688
573,66.993,427.688
574,67.124,427.688
575,67.256,427.688
576,67.387,427.688
577,67.518,427.688
578,67.648,427.688
579,67.779,427.688
580,67.909,427.688
581,68.04,427.688
582,68.171,427.688
583,68.303,427.688
584,68.434,427.688
585,68.564,427.688
586,68.694,427.688
587,68.825,427.688
588,68.956,427.688
589,69.087,427.688
590,69.218,427.688
591,69.349,427.688
592,69.48,427.688
593,69.612,427.688
594,69.743,427.688
595,69.875,427.688
596,70.005,427.688
597,70.136,427.688
598,70.267,427.688
599,70.399,427.688
600,70.531,427.688
601,70.663,427.688
602,70.793,427.688
603,70.924,427.688
604,71.054,427.688
605,71.186,427.688
606,71.318,427.688
607,71.449,427.688
608,71.581,427.688
609,71.712,427.688
610,71.842,427.688
611,71.973,427.688
612,72.104,427.688
613,72.235,427.688
614,72.366,427.688
615,72.497,427.688
616,72.628,427.688
617,72.759,427.688
618,72.89,427.688
619,73.02,427.688
620,73.152,427.688
621,73.282,427.688
622,73.414,427.688
623,73.546,427.688
624,73.677,427.688
625,73.808,427.688
626,73.939,427.688
627,74.07,427.688
628,74.201,427.688
629,74.333,427.688
630,74.463,427.688
631,74.594,427.688
632,74.725,427.688
633,74.856,427.688
634,74.988,427.688
635,75.119,427.688
636,75.25,427.688
637,75.381,427.688
638,75.512,427.688
639,75.643,427.688
640,75.774,427.688
641,75.905,427.688
642,76.036,427.688
643,76.167,427.688
644,76.298,427.688
645,76.43,427.688
646,76.561,427.688
647,76.691,427.688
648,76.822,427.688
649,76.953,427.688
650,77.084,427.688
651,77.215,427.688
652,77.346,427.688
653,77.477,427.688
654,77.608,427.688
655,77.739,427.688
656,77.87,427.688
657,78.001,427.688
658,78.132,427.688
659,78.263,427.688
660,78.395,427.688
661,78.525,427.688
662,78.656,427.688
663,78.788,427.688
664,78.919,427.688
665,79.05,427.688
666,79.181,427.688
667,79.312,427.688
668,79.442,427.688
669,79.573,427.688
670,79.704,427.688
671,79.836,427.688
672,79.967,427.688
673,80.098,427.688
674,80.23,427.688
675,80.361,427.688
676,80.492,427.688
677,80.622,427.688
678,80.755,427.688
679,80.885,427.688
680,81.016,427.688
681,81.148,427.688
682,81.28,427.688
683,81.411,427.688
684,81.543,427.688
685,81.674,427.688
686,81.804,427.688
687,81.935,427.688
688,82.066,427.688
689,82.198,427.688
690,82.329,427.688
691,82.46,427.688
692,82.591,427.688
693,82.721,427.688
694,82.851,427.688
695,82.983,427.688
696,83.029,427.688
697,83.155,427.688
698,83.281,427.688
699,83.406,427.688
700,83.53,427.688
701,83.656,427.688
702,83.782,427.688
703,83.906,427.688
704,84.032,427.688
705,84.158,427.688
706,84.284,427.688
707,84.409,427.688
708,84.534,427.688
709,84.66,427.688
710,84.785,427.688
711,84.912,427.688
712,85.037,427.688
713,85.162,427.688
714,85.287,427.688
715,85.413,427.688
716,85.537,427.688
717,85.663,427.688
718,85.789,427.688
719,85.913,427.688
720,86.039,427.688
721,86.165,427.688
722,86.29,427.688
723,86.415,427.688
724,86.541,427.688
725,86.667,427.688
726,86.792,427.688
727,86.916,427.688
728,87.041,427.688
729,87.166,427.688
730,87.291,427.688
731,87.416,427.688
732,87.541,427.688
733,87.666,427.688
734,87.792,427.688
735,87.918,427.688
736,88.043,427.688
737,88.169,427.688
738,88.293,427.688
739,88.419,427.688
740,88.545,427.688
741,88.67,427.688
742,88.796,427.688
743,88.922,427.688
744,89.046,427.688
745,89.172,427.688
746,89.297,427.688
747,89.423,427.688
748,89.548,427.688
749,89.674,427.688
750,89.799,427.688
751,89.925,427.688
752,90.051,427.688
753,90.176,427.688
754,90.302,427.688
755,90.428,427.688
756,90.553,427.688
757,90.679,427.688
758,90.804,427.688
759,90.93,427.688
760,91.056,427.688
761,91.181,427.688
762,91.307,427.688
763,91.432,427.688
764,91.558,427.688
765,91.683,427.688
766,91.809,427.688
767,91.935,427.688
768,92.06,427.688
769,92.186,427.688
770,92.311,427.688
771,92.436,427.688
772,92.563,427.688
773,92.688,427.688
774,92.813,427.688
775,92.938,427.688
776,93.063,427.688
777,93.189,427.688
778,93.315,427.688
779,93.441,427.688
780,93.566,427.688
781,93.692,427.688
782,93.817,427.688
783,93.942,427.688
784,94.068,427.688
785,94.194,427.688
786,94.318,427.688
787,94.444,427.688
788,94.569,427.688
789,94.694,427.688
790,94.82,427.688
791,94.946,427.688
792,95.071,427.688
793,95.197,427.688
794,95.322,427.688
795,95.448,427.688
796,95.573,427.688
797,95.698,427.688
798,95.824,427.688
799,95.95,427.688
800,96.075,427.688
801,96.201,427.688
802,96.326,427.688
803,96.452,427.688
804,96.576,427.688
805,96.701,427.688
806,96.825,427.688
807,96.951,427.688
808,97.076,427.688
809,97.203,427.688
810,97.329,427.688
811,97.453,427.688
812,97.579,427.688
813,97.705,427.688
814,97.83,427.688
815,97.955,427.688
816,98.081,427.688
817,98.207,427.688
818,98.333,427.688
819,98.458,427.688
820,98.583,427.688
821,98.708,427.688
822,98.833,427.688
823,98.959,427.688
824,98.959,427.688
825,99.08,427.688
826,99.199,427.688
827,99.319,427.688
828,99.44,427.688
829,99.561,427.688
830,99.68,427.688
831,99.8,427.688
832,99.921,427.688
833,100.042,427.688
834,100.162,427.688
835,100.283,427.688
836,100.402,427.688
837,100.522,427.688
838,100.644,427.688
839,100.764,427.688
840,100.883,427.688
841,101.004,427.688
842,101.124,427.688
843,101.245,427.688
844,101.366,427.688
845,101.486,427.688
846,101.606,427.688
847,101.727,427.688
848,101.847,427.688
849,101.968,427.688
850,102.087,427.688
851,102.207,427.688
852,102.328,427.688
853,102.448,427.688
854,102.567,427.688
855,102.688,427.688
856,102.808,427.688
857,102.929,427.688
858,103.05,427.688
859,103.171,427.688
860,103.292,427.688
861,103.413,427.688
862,103.534,427.688
863,103.655,427.688
864,103.775,427.688
865,103.896,427.688
866,104.016,427.688
867,104.137,427.688
868,104.256,427.688
869,104.376,427.688
870,104.495,427.688
871,104.616,427.688
872,104.736,427.688
873,104.856,427.688
874,104.977,427.688
875,105.098,427.688
876,105.218,427.688
877,105.337,427.688
878,105.458,427.688
879,105.578,427.688
880,105.699,427.688
881,105.819,427.688
882,105.938,427.688
883,106.059,427.688
884,106.179,427.688
885,106.299,427.688
886,106.419,427.688
887,106.539,427.688
888,106.66,427.688
889,106.78,427.688
890,106.9,427.688
891,107.019,427.688
892,107.14,427.688
893,107.259,427.688
894,107.379,427.688
895,107.499,427.688
896,107.62,427.688
897,107.74,427.688
898,107.86,427.688
899,107.98,427.688
900,108.1,427.688
901,108.22,427.688
902,108.34,427.688
903,108.46,427.688
904,108.58,427.688
905,108.7,427.688
906,108.82,427.688
907,108.941,427.688
908,109.061,427.688
909,109.181,427.688
910,109.301,427.688
911,109.42,427.688
912,109.541,427.688
913,109.662,427.688
914,109.782,427.688
915,109.901,427.688
916,110.021,427.688
917,110.141,427.688
918,110.262,427.688
919,110.382,427.688
920,110.503,427.688
921,110.623,427.688
922,110.743,427.688
923,110.863,427.688
924,110.982,427.688
925,111.103,427.688
926,111.223,427.688
927,111.344,427.688
928,111.465,427.688
929,111.586,427.688
930,111.705,427.688
931,111.825,427.688
932,111.946,427.688
933,112.066,427.688
934,112.186,427.688
935,112.306,427.688
936,112.426,427.688
937,112.547,427.688
938,112.667,427.688
939,112.788,427.688
940,112.907,427.688
941,113.027,427.688
942,113.147,427.688
943,113.267,427.688
944,113.387,427.688
945,113.507,427.688
946,113.628,427.688
947,113.748,427.688
948,113.869,427.688
949,113.988,427.688
950,114.108,427.688
951,114.228,427.688
952,114.348,427.688
953,114.469,427.688
954,114.59,427.688
955,114.711,427.688
956,114.831,427.688
957,114.952,427.688
958,115.072,427.688
959,115.192,427.688
960,115.312,427.688
961,115.432,427.688
962,115.552,427.688
963,115.672,427.688
964,115.792,427.688
965,115.792,427.688
966,115.924,427.688
967,116.056,427.689
968,116.186,427.689
969,116.317,427.689
970,116.448,427.689
971,116.58,427.69
972,116.711,427.69
973,116.843,427.69
974,116.974,427.691
975,117.105,427.691
976,117.237,427.691
977,117.368,427.692
978,117.5,427.692
979,117.631,427.692
980,117.763,427.692
981,117.894,427.693
982,118.026,427.693
983,118.157,427.693
984,118.288,427.694
985,118.419,427.694
986,118.551,427.694
987,118.683,427.694
988,118.813,427.695
989,118.945,427.695
990,119.076,427.695
991,119.207,427.696
992,119.34,427.696
993,119.471,427.696
994,119.602,427.697
995,119.734,427.697
996,119.867,427.697
997,119.998,427.697
998,120.129,427.698
999,120.26,427.698
1000,120.391,427.698
1001,120.523,427.699
1002,120.655,427.699
1003,120.787,427.699
1004,120.919,427.699
1005,121.05,427.7
1006,121.182,427.7
1007,121.314,427.7
1008,121.445,427.701
1009,121.576,427.701
1010,121.707,427.701
1011,121.839,427.702
1012,121.971,427.702
1013,122.103,427.702
1014,122.234,427.702
1015,122.366,427.703
1016,122.496,427.703
1017,122.628,427.703
1018,122.76,427.704
1019,122.891,427.704
1020,123.024,427.704
1021,123.156,427.704
1022,123.287,427.705
1023,123.419,427.705
1024,123.551,427.705
1025,123.682,427.706
1026,123.814,427.706
1027,123.945,427.706
1028,124.078,427.707
1029,124.209,427.707
1030,124.342,427.707
1031,124.473,427.707
1032,124.606,427.708
1033,124.737,427.708
1034,124.869,427.708
1035,125,427.709
1036,125.132,427.709
1037,125.265,427.709
1038,125.396,427.709
1039,125.528,427.71
1040,125.66,427.71
1041,125.792,427.71
1042,125.923,427.711
1043,126.055,427.711
1044,126.186,427.711
1045,126.318,427.712
1046,126.449,427.712
1047,126.581,427.712
1048,126.712,427.712
1049,126.843,427.713
1050,126.975,427.713
1051,127.106,427.713
1052,127.237,427.714
1053,127.37,427.714
1054,127.501,427.714
1055,127.632,427.715
1056,127.764,427.715
1057,127.895,427.715
1058,128.027,427.715
1059,128.158,427.716
1060,128.289,427.716
1061,128.42,427.716
1062,128.552,427.717
1063,128.685,427.717
1064,128.817,427.717
1065,128.948,427.717
1066,129.08,427.718
1067,129.212,427.718
1068,129.344,427.718
1069,129.476,427.719
1070,129.608,427.719
1071,129.74,427.719
1072,129.87,427.72
1073,130.003,427.72
1074,130.134,427.72
1075,130.266,427.72
1076,130.397,427.721
1077,130.529,427.721
1078,130.661,427.721
1079,130.793,427.722
1080,130.926,427.722
1081,131.057,427.722
1082,131.189,427.722
1083,131.32,427.723
1084,131.451,427.723
1085,131.582,427.723
1086,131.714,427.724
1087,131.845,427.724
1088,131.977,427.724
1089,132.109,427.725
1090,132.24,427.725
1091,132.371,427.725
1092,132.502,427.725
1093,132.635,427.726
1094,132.766,427.726
1095,132.897,427.726
1096,133.028,427.727
1097,133.16,427.727
1098,133.291,427.727
1099,133.423,427.727
1100,133.554,427.728
1101,133.687,427.728
1102,133.819,427.728
1103,133.951,427.729
1104,134.083,427.729
1105,134.216,427.729
1106,134.347,427.73
1107,134.478,427.73
1108,134.61,427.73
1109,134.74,427.73
1110,134.871,427.731
1111,135.003,427.731
1112,135.007,427.688
1113,135.138,427.688
1114,135.27,427.688
1115,135.402,427.688
1116,135.533,427.688
1117,135.666,427.688
1118,135.797,427.688
1119,135.928,427.688
1120,136.06,427.688
1121,136.192,427.688
1122,136.324,427.688
1123,136.456,427.688
1124,136.587,427.688
1125,136.719,427.688
1126,136.851,427.688
1127,136.983,427.688
1128,137.115,427.688
1129,137.247,427.688
1130,137.38,427.688
1131,137.513,427.688
1132,137.645,427.688
1133,137.776,427.688
1134,137.907,427.688
1135,138.039,427.688
1136,138.172,427.688
1137,138.303,427.688
1138,138.435,427.688
1139,138.566,427.688
1140,138.698,427.688
1141,138.829,427.688
1142,138.961,427.688
1143,139.094,427.688
1144,139.226,427.688
1145,139.358,427.688
1146,139.491,427.688
1147,139.623,427.688
1148,139.755,427.688
1149,139.888,427.688
1150,140.019,427.688
1151,140.151,427.688
1152,140.282,427.688
1153,140.413,427.688
1154,140.546,427.688
1155,140.678,427.688
1156,140.809,427.688
1157,140.942,427.688
1158,141.074,427.688
1159,141.205,427.688
1160,141.338,427.688
1161,141.469,427.688
1162,141.602,427.688
1163,141.734,427.688
1164,141.865,427.688
1165,141.997,427.688
1166,142.13,427.688
1167,142.262,427.688
1168,142.394,427.688
1169,142.526,427.688
1170,142.658,427.688
1171,142.789,427.688
1172,142.92,427.688
1173,143.052,427.688
1174,143.184,427.688
1175,143.316,427.688
1176,143.448,427.688
1177,143.579,427.688
1178,143.71,427.688
1179,143.842,427.688
1180,143.973,427.688
1181,144.105,427.688
1182,144.236,427.688
1183,144.369,427.688
1184,144.5,427.688
1185,144.632,427.688
1186,144.764,427.688
1187,144.895,427.688
1188,145.027,427.688
1189,145.16,427.688
1190,145.292,427.688
1191,145.423,427.688
1192,145.555,427.688
1193,145.687,427.688
1194,145.82,427.688
1195,145.952,427.688
1196,146.084,427.688
1197,146.217,427.688
1198,146.349,427.688
1199,146.481,427.688
1200,146.612,427.688
1201,146.744,427.688
1202,146.876,427.688
1203,147.007,427.688
1204,147.139,427.688
1205,147.271,427.688
1206,147.402,427.688
1207,147.535,427.688
1208,147.667,427.688
1209,147.799,427.688
1210,147.931,427.688
1211,148.063,427.688
1212,148.196,427.688
1213,148.327,427.688
1214,148.459,427.688
1215,148.59,427.688
1216,148.723,427.688
1217,148.855,427.688
1218,148.987,427.688
1219,149.119,427.688
1220,149.251,427.688
1221,149.381,427.688
1222,149.513,427.688
1223,149.643,427.688
1224,149.775,427.688
1225,149.907,427.688
1226,150.04,427.688
1227,150.172,427.688
1228,150.303,427.688
1229,150.436,427.688
1230,150.567,427.688
1231,150.699,427.688
1232,150.831,427.688
1233,150.963,427.688
1234,151.095,427.688
1235,151.226,427.688
1236,151.357,427.688
1237,151.489,427.688
1238,151.621,427.688
1239,151.752,427.688
1240,151.885,427.688
1241,151.885,427.688
1242,152.039,427.688
1243,152.193,427.688
1244,152.347,427.688
1245,152.5,427.688
1246,152.653,427.688
1247,152.807,427.688
1248,152.961,427.688
1249,153.115,427.688
1250,153.268,427.688
1251,153.423,427.688
1252,153.577,427.688
1253,153.73,427.688
1254,153.883,427.688
1255,154.036,427.688
1256,154.19,427.688
1257,154.344,427.688
1258,154.497,427.688
1259,154.651,427.688
1260,154.806,427.688
1261,154.959,427.688
1262,155.112,427.688
1263,155.266,427.688
1264,155.419,427.688
1265,155.572,427.688
1266,155.726,427.688
1267,155.881,427.688
1268,156.033,427.688
1269,156.186,427.688
1270,156.339,427.688
1271,156.492,427.688
1272,156.647,427.688
1273,156.801,427.688
1274,156.955,427.688
1275,157.109,427.688
1276,157.262,427.688
1277,157.415,427.688
1278,157.569,427.688
1279,157.722,427.688
1280,157.876,427.688
1281,158.03,427.688
1282,158.184,427.688
1283,158.337,427.688
1284,158.491,427.688
1285,158.644,427.688
1286,158.798,427.688
1287,158.952,427.688
1288,159.105,427.688
1289,159.258,427.688
1290,159.411,427.688
1291,159.565,427.688
1292,159.719,427.688
1293,159.872,427.688
1294,160.026,427.688
1295,160.18,427.688
1296,160.333,427.688
1297,160.486,427.688
1298,160.639,427.688
1299,160.793,427.688
1300,160.946,427.688
1301,161.099,427.688
1302,161.252,427.688
1303,161.406,427.688
1304,161.561,427.688
1305,161.714,427.688
1306,161.868,427.688
1307,162.021,427.688
1308,162.175,427.688
1309,162.328,427.688
1310,162.483,427.688
1311,162.637,427.688
1312,162.79,427.688
1313,162.944,427.688
1314,163.098,427.688
1315,163.251,427.688
1316,163.405,427.688
1317,163.558,427.688
1318,163.711,427.688
1319,163.865,427.688
1320,164.018,427.688
1321,164.171,427.688
1322,164.325,427.688
1323,164.479,427.688
1324,164.633,427.688
1325,164.786,427.688
1326,164.941,427.688
1327,165.095,427.688
1328,165.248,427.688
1329,165.401,427.688
1330,165.554,427.688
1331,165.708,427.688
1332,165.861,427.688
1333,166.015,427.688
1334,166.169,427.688
1335,166.323,427.688
1336,166.478,427.688
1337,166.631,427.688
1338,166.784,427.688
1339,166.937,427.688
1340,167.09,427.688
1341,167.243,427.688
1342,167.396,427.688
1343,167.55,427.688
1344,167.703,427.688
1345,167.857,427.688
1346,168.012,427.688
1347,168.166,427.688
1348,168.319,427.688
1349,168.474,427.688
1350,168.626,427.688
1351,168.781,427.688
1352,168.8,427.688
1353,169.004,427.688
1354,169.207,427.688
1355,169.411,427.688
1356,169.616,427.689
1357,169.819,427.689
1358,170.022,427.689
1359,170.226,427.69
1360,170.431,427.69
1361,170.635,427.69
1362,170.84,427.69
1363,171.044,427.69
1364,171.249,427.69
1365,171.453,427.689
1366,171.657,427.689
1367,171.86,427.688
1368,172.064,427.686
1369,172.268,427.684
1370,172.472,427.682
1371,172.676,427.679
1372,172.879,427.676
1373,173.082,427.672
1374,173.287,427.667
1375,173.49,427.662
1376,173.695,427.655
1377,173.898,427.648
1378,174.102,427.639
1379,174.306,427.63
1380,174.509,427.619
1381,174.713,427.606
1382,174.916,427.593
1383,175.119,427.577
1384,175.322,427.56
1385,175.525,427.541
1386,175.728,427.52
1387,175.931,427.497
1388,176.132,427.472
1389,176.333,427.445
1390,176.534,427.414
1391,176.735,427.382
1392,176.936,427.346
1393,177.137,427.308
1394,177.336,427.267
1395,177.535,427.223
1396,177.733,427.175
1397,177.93,427.125
1398,178.127,427.071
1399,178.322,427.014
1400,178.517,426.953
1401,178.711,426.889
1402,178.903,426.822
1403,179.095,426.751
1404,179.285,426.678
1405,179.474,426.601
1406,179.662,426.52
1407,179.848,426.437
1408,180.033,426.351
1409,180.216,426.262
1410,180.398,426.17
1411,180.579,426.075
1412,180.758,425.978
1413,180.936,425.879
1414,181.112,425.778
1415,181.286,425.674
1416,181.459,425.568
1417,181.631,425.46
1418,181.802,425.351
1419,181.972,425.239
1420,182.141,425.125
1421,182.309,425.01
1422,182.476,424.893
1423,182.642,424.775
1424,182.807,424.655
1425,182.971,424.534
1426,183.135,424.411
1427,183.296,424.288
1428,183.457,424.164
1429,183.618,424.039
1430,183.777,423.912
1431,183.936,423.785
1432,184.094,423.657
1433,184.252,423.527
1434,184.409,423.397
1435,184.565,423.266
1436,184.721,423.135
1437,184.877,423.003
1438,185.031,422.87
1439,185.185,422.737
1440,185.339,422.603
1441,185.492,422.469
1442,185.644,422.334
1443,185.797,422.198
1444,185.949,422.062
1445,186.101,421.926
1446,186.252,421.789
1447,186.403,421.652
1448,186.553,421.515
1449,186.703,421.377
1450,186.853,421.239
1451,187.002,421.101
1452,187.151,420.962
1453,187.3,420.823
1454,187.448,420.685
1455,187.597,420.545
1456,187.745,420.405
1457,187.893,420.265
1458,188.04,420.125
1459,188.188,419.984
1460,188.335,419.844
1461,188.482,419.703
1462,188.629,419.563
1463,188.775,419.422
1464,188.922,419.28
1465,189.068,419.139
1466,189.215,418.997
1467,189.361,418.855
1468,189.507,418.713
1469,189.654,418.57
1470,189.799,418.428
1471,189.945,418.286
1472,190.09,418.144
1473,190.236,418.001
1474,190.381,417.859
1475,190.527,417.716
1476,190.672,417.573
1477,190.817,417.43
1478,190.961,417.287
1479,191.107,417.144
1480,191.252,417
1481,191.397,416.857
1482,191.543,416.713
1483,191.687,416.57
1484,191.831,416.426
1485,191.976,416.282
1486,192.121,416.138
1487,192.265,415.995
1488,192.409,415.852
1489,192.554,415.708
1490,192.698,415.563
1491,192.843,415.419
1492,192.988,415.274
1493,193.133,415.13
1494,193.278,414.985
1495,193.422,414.841
1496,193.567,414.696
1497,193.711,414.552
1498,193.855,414.408
1499,193.998,414.265
1500,194.143,414.12
1501,194.287,413.976
1502,194.43,413.832
1503,194.574,413.687
1504,194.718,413.544
1505,194.862,413.399
1506,195.006,413.254
1507,195.15,413.111
1508,195.293,412.966
1509,195.437,412.822
1510,195.581,412.678
1511,195.725,412.533
1512,195.868,412.389
1513,196.013,412.244
1514,196.157,412.1
1515,196.3,411.956
1516,196.443,411.812
1517,196.587,411.668
1518,196.731,411.523
1519,196.875,411.379
1520,197.019,411.234
1521,197.163,411.09
1522,197.307,410.945
1523,197.45,410.801
1524,197.595,410.656
1525,197.739,410.512
1526,197.883,410.367
1527,198.026,410.223
1528,198.17,410.079
1529,198.314,409.934
1530,198.458,409.79
1531,198.601,409.646
1532,198.745,409.502
1533,198.889,409.357
1534,199.033,409.213
1535,199.177,409.068
1536,199.321,408.924
1537,199.465,408.78
1538,199.609,408.635
1539,199.752,408.491
1540,199.896,408.347
1541,200.04,408.203
1542,200.185,408.058
1543,200.328,407.915
1544,200.473,407.77
1545,200.617,407.626
1546,200.76,407.482
1547,200.904,407.338
1548,201.048,407.194
1549,201.191,407.051
1550,201.336,406.906
1551,201.481,406.761
1552,201.624,406.617
1553,201.769,406.473
1554,214.181,394.278
1555,214.257,394.196
1556,214.333,394.114
1557,214.409,394.032
1558,214.483,393.95
1559,214.558,393.868
1560,214.633,393.785
1561,214.707,393.703
1562,214.781,393.62
1563,214.856,393.536
1564,214.929,393.453
1565,215.003,393.369
1566,215.076,393.285
1567,215.148,393.201
1568,215.221,393.117
1569,215.294,393.032
1570,215.365,392.947
1571,215.436,392.862
1572,215.508,392.777
1573,215.579,392.691
1574,215.65,392.604
1575,215.72,392.517
1576,215.79,392.431
1577,215.859,392.345
1578,215.927,392.258
1579,215.996,392.17
1580,216.064,392.082
1581,216.131,391.994
1582,216.198,391.906
1583,216.265,391.817
1584,216.331,391.728
1585,216.397,391.638
1586,216.461,391.548
1587,216.526,391.458
1588,216.59,391.367
1589,216.654,391.275
1590,216.717,391.183
1591,216.779,391.091
1592,216.84,390.999
1593,216.901,390.906
1594,216.962,390.813
1595,217.021,390.719
1596,217.08,390.624
1597,217.139,390.53
1598,217.196,390.435
1599,217.253,390.339
1600,217.309,390.242
1601,217.364,390.145
1602,217.418,390.049
1603,217.472,389.951
1604,217.525,389.852
1605,217.577,389.754
1606,217.627,389.655
1607,217.677,389.556
1608,217.726,389.456
1609,217.775,389.355
1610,217.822,389.254
1611,217.868,389.152
1612,217.913,389.051
1613,217.957,388.949
1614,218,388.847
1615,218.042,388.744
1616,218.084,388.64
1617,218.124,388.536
1618,218.163,388.431
1619,218.202,388.326
1620,218.239,388.22
1621,218.274,388.115
1622,218.309,388.01
1623,218.343,387.905
1624,218.375,387.799
1625,218.407,387.693
1626,218.438,387.586
1627,218.468,387.479
1628,218.496,387.372
1629,218.524,387.264
1630,218.551,387.156
1631,218.576,387.048
1632,218.601,386.94
1633,218.625,386.831
1634,218.648,386.723
1635,218.67,386.614
1636,218.692,386.504
1637,218.712,386.395
1638,218.731,386.285
1639,218.75,386.174
1640,218.768,386.064
1641,218.785,385.954
1642,218.801,385.844
1643,218.817,385.733
1644,218.832,385.624
1645,218.846,385.513
1646,218.86,385.402
1647,218.872,385.292
1648,218.885,385.181
1649,218.896,385.069
1650,218.907,384.958
1651,218.918,384.848
1652,218.928,384.737
1653,218.937,384.626
1654,218.946,384.514
1655,218.954,384.403
1656,218.962,384.292
1657,218.97,384.182
1658,218.977,384.072
1659,218.983,383.961
1660,218.989,383.851
1661,218.995,383.738
1662,219.001,383.627
1663,219.006,383.515
1664,219.011,383.404
1665,219.015,383.292
1666,219.019,383.181
1667,219.023,383.069
1668,219.027,382.958
1669,219.03,382.846
1670,219.033,382.734
1671,219.036,382.622
1672,219.039,382.51
1673,219.042,382.399
1674,219.044,382.287
1675,219.046,382.177
1676,219.048,382.064
1677,219.049,381.953
1678,219.051,381.841
1679,219.052,381.73
1680,219.054,381.619
1681,219.055,381.508
1682,219.056,381.397
1683,219.057,381.285
1684,219.058,381.175
1685,219.058,381.064
1686,219.059,380.952
1687,219.06,380.84
1688,219.06,380.728
1689,219.06,380.617
1690,219.061,380.506
1691,219.061,380.395
1692,219.061,380.284
1693,219.062,380.172
1694,219.062,380.061
1695,219.062,379.949
1696,219.062,379.838
1697,219.062,379.726
1698,219.062,379.614
1699,219.062,379.502
1700,219.062,379.391
1701,219.062,379.28
1702,219.062,379.168
1703,219.062,379.213
1704,219.062,379.093
1705,219.062,378.972
1706,219.062,378.852
1707,219.062,378.732
1708,219.062,378.612
1709,219.062,378.492
1710,219.062,378.373
1711,219.062,378.252
1712,219.062,378.131
1713,219.062,378.011
1714,219.062,377.89
1715,219.062,377.77
1716,219.062,377.65
1717,219.062,377.529
1718,219.062,377.409
1719,219.062,377.288
1720,219.062,377.167
1721,219.062,377.047
1722,219.062,376.926
1723,219.062,376.806
1724,219.062,376.685
1725,219.062,376.566
1726,219.062,376.445
1727,219.062,376.325
1728,219.062,376.205
1729,219.062,376.085
1730,219.062,375.965
1731,219.062,375.844
1732,219.062,375.724
1733,219.062,375.604
1734,219.062,375.484
1735,219.062,375.363
1736,219.062,375.242
1737,219.062,375.121
1738,219.062,375.002
1739,219.062,374.882
1740,219.062,374.762
1741,219.062,374.643
1742,219.062,374.523
1743,219.062,374.404
1744,219.062,374.284
1745,219.062,374.163
1746,219.062,374.042
1747,219.062,373.921
1748,219.062,373.8
1749,219.062,373.68
1750,219.062,373.56
1751,219.062,373.44
1752,219.062,373.321
1753,219.062,373.2
1754,219.062,373.08
1755,219.062,372.96
1756,219.062,372.839
1757,219.062,372.718
1758,219.062,372.598
1759,219.062,372.479
1760,219.062,372.358
1761,219.062,372.238
1762,219.062,372.117
1763,219.062,371.997
1764,219.062,371.877
1765,219.062,371.757
1766,219.062,371.637
1767,219.062,371.516
1768,219.062,371.396
1769,219.062,371.276
1770,219.062,371.156
1771,219.062,371.035
1772,219.062,370.916
1773,219.062,370.795
1774,219.062,370.675
1775,219.062,370.555
1776,219.062,370.435
1777,219.062,370.314
1778,219.062,370.194
1779,219.062,370.074
1780,219.062,369.954
1781,219.062,369.833
1782,219.062,369.712
1783,219.062,369.593
1784,219.062,369.471
1785,219.062,369.351
1786,219.062,369.232
1787,219.062,369.112
1788,219.062,368.99
1789,219.062,368.871
1790,219.062,368.75
1791,219.062,368.631
1792,219.062,368.51
1793,219.062,368.39
1794,219.062,368.27
1795,219.062,368.15
1796,219.062,368.029
1797,219.062,367.91
1798,219.062,367.79
1799,219.062,367.669
1800,219.062,367.549
1801,219.062,367.428
1802,219.062,367.307
1803,219.062,367.185
1804,219.062,367.064
1805,219.062,366.943
1806,219.062,366.822
1807,219.062,366.702
1808,219.062,366.582
1809,219.062,366.463
1810,219.062,366.342
1811,219.062,366.222
1812,219.062,366.102
1813,219.062,365.982
1814,219.062,365.862
1815,219.062,365.741
1816,219.062,365.62
1817,219.062,365.5
1818,219.062,365.379
1819,219.062,365.259
1820,219.062,365.14
1821,219.062,365.02
1822,219.062,364.9
1823,219.062,364.78
1824,219.062,364.66
1825,219.062,364.54
1826,219.062,364.419
1827,219.062,364.299
1828,219.062,364.18
1829,219.062,364.059
1830,219.062,363.939
1831,219.062,363.818
1832,219.062,363.699
1833,219.062,363.579
1834,219.062,363.459
1835,219.062,363.339
1836,219.062,363.219
1837,219.062,363.098
1838,219.062,362.977
1839,219.062,362.856
1840,219.062,362.736
1841,219.062,362.615
1842,219.062,362.494
1843,219.062,362.374
1844,219.062,362.254
1845,219.062,362.134
1846,219.062,362.014
1847,219.062,361.894
1848,219.062,361.774
1849,219.062,361.774
1850,219.062,361.647
1851,219.062,361.52
1852,219.062,361.393
1853,219.062,361.267
1854,219.062,361.14
1855,219.062,361.013
1856,219.062,360.888
1857,219.062,360.761
1858,219.062,360.634
1859,219.062,360.507
1860,219.062,360.38
1861,219.062,360.254
1862,219.062,360.128
1863,219.062,360
1864,219.062,359.874
1865,219.062,359.746
1866,219.062,359.619
1867,219.062,359.493
1868,219.062,359.366
1869,219.062,359.238
1870,219.062,359.112
1871,219.062,358.986
1872,219.062,358.859
1873,219.062,358.733
1874,219.062,358.606
1875,219.062,358.478
1876,219.062,358.352
1877,219.062,358.225
1878,219.062,358.098
1879,219.062,357.972
1880,219.062,357.846
1881,219.062,357.72
1882,219.062,357.594
1883,219.062,357.467
1884,219.062,357.34
1885,219.062,357.214
1886,219.062,357.087
1887,219.062,356.961
1888,219.062,356.835
1889,219.062,356.708
1890,219.062,356.583
1891,219.062,356.457
1892,219.062,356.33
1893,219.062,356.203
1894,219.062,356.077
1895,219.062,355.951
1896,219.062,355.824
1897,219.062,355.697
1898,219.062,355.571
1899,219.062,355.443
1900,219.062,355.317
1901,219.062,355.191
1902,219.062,355.063
1903,219.062,354.937
1904,219.062,354.811
1905,219.062,354.685
1906,219.062,354.557
1907,219.062,354.431
1908,219.062,354.305
1909,219.062,354.179
1910,219.062,354.052
1911,219.062,353.926
1912,219.062,353.799
1913,219.062,353.672
1914,219.062,353.546
1915,219.062,353.419
1916,219.062,353.292
1917,219.062,353.166
1918,219.062,353.04
1919,219.062,352.914
1920,219.062,352.787
1921,219.062,352.66
1922,219.062,352.534
1923,219.062,352.407
1924,219.062,352.28
1925,219.062,352.154
1926,219.062,352.027
1927,219.062,351.901
1928,219.062,351.773
1929,219.062,351.648
1930,219.062,351.521
1931,219.062,351.393
1932,219.062,351.268
1933,219.062,351.141
1934,219.062,351.014
1935,219.062,350.887
1936,219.062,350.76
1937,219.062,350.635
1938,219.062,350.509
1939,219.062,350.383
1940,219.062,350.256
1941,219.062,350.13
1942,219.062,350.005
1943,219.062,349.877
1944,219.062,349.75
1945,219.062,349.623
1946,219.062,349.497
1947,219.062,349.37
1948,219.062,349.244
1949,219.062,349.117
1950,219.062,348.99
1951,219.062,348.864
1952,219.062,348.738
1953,219.062,348.612
1954,219.062,348.486
1955,219.062,348.358
1956,219.062,348.232
1957,219.062,348.105
1958,219.062,347.979
1959,219.062,347.852
1960,219.062,347.725
1961,219.062,347.599
1962,219.062,347.473
1963,219.062,347.347
1964,219.062,347.219
1965,219.062,347.093
1966,219.062,346.967
1967,219.062,346.84
1968,219.062,346.713
1969,219.062,346.586
1970,219.062,346.459
1971,219.062,346.333
1972,219.062,346.207
1973,219.062,346.08
1974,219.062,345.952
1975,219.062,345.825
1976,219.062,345.699
1977,219.062,345.571
1978,219.062,345.444
1979,219.062,345.318
1980,219.062,345.192
1981,219.062,345.065
1982,219.062,344.939
1983,219.062,344.812
1984,219.062,344.685
